grid_id,flooded,pred_class,result_type
3830,0,0,True Negative
3893,0,0,True Negative
3519,0,0,True Negative
973,0,0,True Negative
509,0,0,True Negative
4526,1,0,False Negative
3011,0,0,True Negative
1991,0,1,False Positive
2181,0,0,True Negative
2196,0,0,True Negative
1807,0,0,True Negative
1177,0,0,True Negative
4064,0,0,True Negative
2736,0,0,True Negative
4207,0,0,True Negative
1780,0,0,True Negative
1938,0,1,False Positive
1666,0,0,True Negative
728,0,0,True Negative
1786,1,0,False Negative
3242,0,0,True Negative
2393,0,0,True Negative
4392,0,0,True Negative
3318,0,0,True Negative
3965,0,0,True Negative
2506,0,0,True Negative
2797,0,0,True Negative
2944,0,0,True Negative
525,0,0,True Negative
4520,0,1,False Positive
2723,0,0,True Negative
4055,0,0,True Negative
1002,0,0,True Negative
3079,0,0,True Negative
769,0,0,True Negative
4396,0,0,True Negative
2040,1,0,False Negative
3990,0,0,True Negative
3920,0,0,True Negative
2968,0,0,True Negative
1590,0,0,True Negative
4525,0,0,True Negative
3050,1,0,False Negative
1843,0,0,True Negative
4511,0,0,True Negative
4544,0,0,True Negative
689,0,0,True Negative
2176,1,1,True Positive
447,0,1,False Positive
531,0,0,True Negative
2307,0,0,True Negative
4043,0,0,True Negative
3384,0,0,True Negative
1052,1,1,True Positive
2708,0,0,True Negative
389,0,0,True Negative
1261,0,0,True Negative
4411,0,0,True Negative
401,0,0,True Negative
657,0,0,True Negative
640,0,0,True Negative
2564,0,0,True Negative
179,0,0,True Negative
3846,0,0,True Negative
3402,0,0,True Negative
696,0,0,True Negative
3974,0,0,True Negative
4308,0,0,True Negative
4263,0,0,True Negative
3871,0,0,True Negative
4060,0,0,True Negative
2056,0,0,True Negative
1322,0,0,True Negative
770,0,0,True Negative
4607,0,0,True Negative
3262,0,0,True Negative
3326,0,0,True Negative
963,0,0,True Negative
104,0,0,True Negative
3381,0,0,True Negative
3267,0,0,True Negative
3118,1,1,True Positive
1325,0,0,True Negative
3809,0,0,True Negative
2325,1,1,True Positive
1936,0,0,True Negative
1775,0,0,True Negative
3983,0,0,True Negative
3661,0,0,True Negative
2504,0,0,True Negative
1183,0,0,True Negative
3447,0,0,True Negative
1983,1,1,True Positive
1911,0,0,True Negative
2584,0,0,True Negative
3133,0,0,True Negative
2578,0,0,True Negative
910,0,0,True Negative
3379,0,0,True Negative
3113,0,0,True Negative
3055,1,0,False Negative
1932,1,0,False Negative
446,0,0,True Negative
1871,0,0,True Negative
2400,0,0,True Negative
3591,0,0,True Negative
1095,0,0,True Negative
3715,0,0,True Negative
4242,0,0,True Negative
375,0,0,True Negative
3567,0,0,True Negative
1198,0,0,True Negative
3196,0,0,True Negative
4366,0,0,True Negative
1644,0,0,True Negative
4448,0,0,True Negative
3598,0,0,True Negative
1504,0,0,True Negative
1724,0,0,True Negative
1104,0,0,True Negative
3126,0,0,True Negative
907,0,0,True Negative
3213,0,0,True Negative
399,0,0,True Negative
4164,0,0,True Negative
2762,0,0,True Negative
4301,0,0,True Negative
3500,0,0,True Negative
3495,0,0,True Negative
3841,0,0,True Negative
1798,0,0,True Negative
706,0,0,True Negative
4323,0,0,True Negative
3170,0,0,True Negative
2190,0,0,True Negative
2942,0,0,True Negative
2377,1,0,False Negative
1726,0,0,True Negative
3331,0,0,True Negative
4374,0,0,True Negative
1727,0,0,True Negative
385,1,1,True Positive
3870,0,0,True Negative
2916,0,0,True Negative
2693,0,0,True Negative
1053,1,1,True Positive
3102,0,0,True Negative
4436,0,0,True Negative
3536,0,0,True Negative
2962,0,0,True Negative
1192,0,0,True Negative
2739,0,0,True Negative
3930,0,0,True Negative
4437,0,0,True Negative
2977,1,1,True Positive
724,0,0,True Negative
3874,1,0,False Negative
4609,0,0,True Negative
3069,0,0,True Negative
1533,0,0,True Negative
3980,0,0,True Negative
3517,0,0,True Negative
1001,0,0,True Negative
4379,0,0,True Negative
3396,0,0,True Negative
2641,0,0,True Negative
4113,0,0,True Negative
2319,1,0,False Negative
4059,0,0,True Negative
1245,1,1,True Positive
4099,0,0,True Negative
4208,0,0,True Negative
1251,0,0,True Negative
2508,0,0,True Negative
1184,0,0,True Negative
2202,0,0,True Negative
2997,0,0,True Negative
3798,0,0,True Negative
975,0,0,True Negative
3781,0,0,True Negative
2663,0,0,True Negative
3332,0,0,True Negative
3174,1,0,False Negative
3968,0,0,True Negative
903,0,0,True Negative
3540,0,0,True Negative
3231,0,0,True Negative
1998,0,0,True Negative
3266,0,0,True Negative
3635,0,0,True Negative
4309,0,0,True Negative
4454,0,0,True Negative
3526,0,0,True Negative
888,0,0,True Negative
1459,0,0,True Negative
1874,0,0,True Negative
1604,0,0,True Negative
2656,0,0,True Negative
3590,1,0,False Negative
2306,0,0,True Negative
466,0,0,True Negative
826,0,0,True Negative
1112,0,1,False Positive
4373,0,0,True Negative
2326,0,0,True Negative
3560,0,0,True Negative
3098,0,0,True Negative
1378,0,0,True Negative
2655,0,0,True Negative
1028,0,0,True Negative
1393,0,0,True Negative
2450,0,0,True Negative
4509,0,0,True Negative
2384,0,0,True Negative
441,0,0,True Negative
3898,0,0,True Negative
3872,0,0,True Negative
1102,0,0,True Negative
737,0,0,True Negative
642,0,0,True Negative
632,0,0,True Negative
4126,0,0,True Negative
3732,0,0,True Negative
3573,1,0,False Negative
1103,0,0,True Negative
3104,0,0,True Negative
4196,0,0,True Negative
717,1,1,True Positive
4590,0,0,True Negative
986,0,0,True Negative
1722,0,1,False Positive
1669,0,0,True Negative
2935,1,0,False Negative
2829,0,0,True Negative
4240,0,0,True Negative
2599,0,0,True Negative
4169,0,0,True Negative
4137,0,0,True Negative
2501,0,0,True Negative
1904,0,0,True Negative
4140,0,0,True Negative
3503,0,0,True Negative
3593,1,0,False Negative
2836,0,0,True Negative
4040,0,0,True Negative
4467,0,0,True Negative
2448,0,0,True Negative
332,1,1,True Positive
1133,0,0,True Negative
1902,0,0,True Negative
2169,1,0,False Negative
4388,0,0,True Negative
4003,0,0,True Negative
2845,0,0,True Negative
4613,0,0,True Negative
1530,0,0,True Negative
4186,0,0,True Negative
1327,0,0,True Negative
3179,0,0,True Negative
1729,0,0,True Negative
3862,0,0,True Negative
1250,0,0,True Negative
2569,0,0,True Negative
2131,0,0,True Negative
729,0,0,True Negative
2460,0,0,True Negative
4395,0,0,True Negative
782,1,1,True Positive
2038,0,0,True Negative
3316,0,0,True Negative
3201,0,0,True Negative
2003,0,0,True Negative
3505,1,0,False Negative
2866,0,0,True Negative
2721,0,0,True Negative
2436,0,0,True Negative
3510,0,0,True Negative
2525,0,0,True Negative
1249,0,0,True Negative
2186,1,0,False Negative
3837,0,0,True Negative
3938,0,0,True Negative
3376,0,0,True Negative
3392,0,0,True Negative
4498,0,0,True Negative
3994,0,0,True Negative
3905,0,0,True Negative
4504,0,0,True Negative
2361,1,0,False Negative
3909,0,0,True Negative
1390,0,0,True Negative
4250,0,0,True Negative
4573,0,0,True Negative
2334,0,0,True Negative
1435,0,0,True Negative
2174,0,0,True Negative
2304,0,0,True Negative
2912,0,0,True Negative
655,0,0,True Negative
2178,0,0,True Negative
2983,0,0,True Negative
2847,0,0,True Negative
660,0,0,True Negative
1517,0,0,True Negative
1069,0,0,True Negative
4117,0,0,True Negative
3004,0,0,True Negative
2189,0,0,True Negative
4248,0,0,True Negative
4455,0,0,True Negative
1853,0,0,True Negative
261,1,1,True Positive
1523,0,0,True Negative
3647,0,0,True Negative
1792,1,0,False Negative
254,1,0,False Negative
1941,0,0,True Negative
3774,0,0,True Negative
3708,0,0,True Negative
3441,0,0,True Negative
4245,0,0,True Negative
4070,0,0,True Negative
2396,0,0,True Negative
1194,0,0,True Negative
4503,0,0,True Negative
4341,0,0,True Negative
3797,0,0,True Negative
1730,0,0,True Negative
3175,0,0,True Negative
3792,0,0,True Negative
2877,0,0,True Negative
4582,0,0,True Negative
2527,0,0,True Negative
2376,0,0,True Negative
588,0,0,True Negative
3432,0,0,True Negative
3303,1,1,True Positive
1110,0,0,True Negative
4253,0,0,True Negative
3803,0,0,True Negative
891,0,0,True Negative
4537,0,0,True Negative
123,1,1,True Positive
3164,0,0,True Negative
1988,0,0,True Negative
4202,0,0,True Negative
309,0,0,True Negative
107,0,0,True Negative
459,0,0,True Negative
2492,1,0,False Negative
4254,0,0,True Negative
971,0,0,True Negative
2517,0,0,True Negative
1637,0,0,True Negative
2711,0,0,True Negative
518,1,1,True Positive
3773,0,0,True Negative
4317,0,0,True Negative
3784,0,0,True Negative
1995,0,0,True Negative
3700,1,0,False Negative
621,0,0,True Negative
924,0,0,True Negative
3073,0,0,True Negative
2938,0,0,True Negative
4339,0,0,True Negative
2369,0,0,True Negative
1981,0,0,True Negative
2318,0,0,True Negative
54,1,0,False Negative
451,1,1,True Positive
3802,0,0,True Negative
2130,0,0,True Negative
3035,0,0,True Negative
4587,1,1,True Positive
323,0,0,True Negative
44,0,0,True Negative
1111,0,0,True Negative
623,0,0,True Negative
3987,0,0,True Negative
3711,0,0,True Negative
1921,0,0,True Negative
3652,0,0,True Negative
2718,1,0,False Negative
3110,1,0,False Negative
2245,0,0,True Negative
2914,0,0,True Negative
4129,0,0,True Negative
2901,0,0,True Negative
2171,0,0,True Negative
1179,1,1,True Positive
1731,0,0,True Negative
1992,0,0,True Negative
865,0,0,True Negative
1513,0,0,True Negative
3162,0,0,True Negative
2712,0,0,True Negative
4435,0,0,True Negative
1131,0,0,True Negative
1856,0,0,True Negative
2192,1,1,True Positive
1576,0,0,True Negative
2780,0,0,True Negative
3070,0,0,True Negative
2321,1,1,True Positive
4602,0,0,True Negative
3264,0,0,True Negative
2760,0,0,True Negative
1392,0,0,True Negative
2447,0,0,True Negative
4612,0,0,True Negative
2101,1,0,False Negative
641,0,0,True Negative
586,0,0,True Negative
115,0,0,True Negative
4247,0,0,True Negative
3329,0,0,True Negative
4028,0,0,True Negative
2320,1,1,True Positive
2897,0,0,True Negative
3311,0,0,True Negative
2834,0,0,True Negative
774,0,0,True Negative
996,0,0,True Negative
2763,0,0,True Negative
4604,0,0,True Negative
3340,0,0,True Negative
3894,0,0,True Negative
789,0,0,True Negative
2430,0,0,True Negative
1182,0,0,True Negative
2110,0,0,True Negative
691,0,0,True Negative
3529,0,0,True Negative
2498,0,0,True Negative
2441,0,0,True Negative
3330,0,0,True Negative
1931,0,0,True Negative
699,0,0,True Negative
3046,0,0,True Negative
2790,0,0,True Negative
335,1,1,True Positive
2651,0,0,True Negative
3856,0,0,True Negative
1063,0,0,True Negative
4540,0,0,True Negative
2332,0,0,True Negative
3393,0,0,True Negative
4271,0,0,True Negative
382,1,0,False Negative
837,0,0,True Negative
3298,0,0,True Negative
1536,0,1,False Positive
1180,0,1,False Positive
2993,0,0,True Negative
187,1,1,True Positive
2577,0,0,True Negative
507,0,0,True Negative
4400,0,0,True Negative
666,0,0,True Negative
3530,0,0,True Negative
505,0,0,True Negative
3861,0,0,True Negative
3445,0,0,True Negative
2775,0,0,True Negative
1445,0,0,True Negative
3373,0,0,True Negative
2502,0,0,True Negative
2309,0,0,True Negative
2432,0,0,True Negative
2653,0,0,True Negative
4183,0,0,True Negative
2733,0,0,True Negative
1663,0,1,False Positive
2493,1,0,False Negative
1237,1,1,True Positive
2941,0,0,True Negative
2124,0,0,True Negative
1328,0,0,True Negative
1734,0,0,True Negative
2520,0,0,True Negative
596,0,0,True Negative
1128,0,0,True Negative
4075,0,0,True Negative
3502,0,0,True Negative
2360,1,0,False Negative
3508,0,0,True Negative
3390,1,1,True Positive
4061,0,0,True Negative
2594,0,0,True Negative
4178,0,0,True Negative
858,0,0,True Negative
310,0,0,True Negative
775,0,0,True Negative
2380,0,0,True Negative
3576,0,0,True Negative
1105,0,0,True Negative
861,0,0,True Negative
587,0,0,True Negative
3206,0,0,True Negative
803,0,0,True Negative
3584,0,0,True Negative
2575,0,0,True Negative
2521,1,0,False Negative
532,0,0,True Negative
4272,0,0,True Negative
257,0,0,True Negative
2608,0,0,True Negative
3592,0,0,True Negative
1043,0,0,True Negative
3000,0,0,True Negative
835,0,0,True Negative
923,0,0,True Negative
1300,0,0,True Negative
2989,1,1,True Positive
3564,0,0,True Negative
4006,0,0,True Negative
1534,0,0,True Negative
3758,0,0,True Negative
1861,0,0,True Negative
1589,0,0,True Negative
1505,0,0,True Negative
863,0,0,True Negative
2184,0,0,True Negative
2372,0,0,True Negative
3796,0,0,True Negative
3048,1,0,False Negative
4530,0,0,True Negative
515,1,0,False Negative
190,1,1,True Positive
2177,0,0,True Negative
4476,0,0,True Negative
4406,0,0,True Negative
1041,0,0,True Negative
870,0,0,True Negative
1784,1,0,False Negative
4365,0,0,True Negative
2659,0,0,True Negative
1840,0,0,True Negative
2127,0,0,True Negative
3450,0,0,True Negative
3337,0,0,True Negative
3403,0,0,True Negative
3233,0,0,True Negative
1070,0,0,True Negative
3453,0,0,True Negative
1467,0,1,False Positive
3270,0,0,True Negative
929,0,0,True Negative
3918,0,0,True Negative
2782,1,0,False Negative
4460,0,0,True Negative
249,0,1,False Positive
2965,0,0,True Negative
259,1,1,True Positive
4397,0,0,True Negative
1581,0,0,True Negative
2928,0,0,True Negative
4318,0,0,True Negative
4135,0,0,True Negative
2794,0,0,True Negative
3463,0,0,True Negative
1113,1,1,True Positive
1866,0,0,True Negative
4238,0,0,True Negative
3933,0,0,True Negative
2743,0,0,True Negative
1464,0,0,True Negative
3927,0,0,True Negative
1066,0,0,True Negative
711,0,0,True Negative
1586,1,0,False Negative
2980,1,1,True Positive
654,0,0,True Negative
1313,0,0,True Negative
1457,0,0,True Negative
4342,0,0,True Negative
4170,0,0,True Negative
3269,0,0,True Negative
2379,1,0,False Negative
4513,0,0,True Negative
934,0,0,True Negative
1795,1,0,False Negative
1385,1,1,True Positive
3866,0,0,True Negative
1512,0,0,True Negative
4519,0,0,True Negative
1919,1,0,False Negative
862,0,0,True Negative
4391,0,0,True Negative
715,1,1,True Positive
4314,0,0,True Negative
3641,0,0,True Negative
521,0,0,True Negative
849,1,0,False Negative
1065,0,0,True Negative
3982,0,0,True Negative
783,1,1,True Positive
2395,0,0,True Negative
1312,0,0,True Negative
3852,0,0,True Negative
3043,1,1,True Positive
970,0,0,True Negative
1050,0,0,True Negative
601,0,0,True Negative
3848,0,0,True Negative
303,0,0,True Negative
2496,0,0,True Negative
3065,0,0,True Negative
4166,0,0,True Negative
3801,0,0,True Negative
893,0,0,True Negative
1197,0,0,True Negative
3650,0,0,True Negative
1402,0,1,False Positive
3597,0,0,True Negative
1377,0,0,True Negative
4499,0,0,True Negative
2366,1,0,False Negative
3512,0,0,True Negative
2315,0,0,True Negative
4447,0,0,True Negative
2842,0,0,True Negative
2647,1,0,False Negative
1642,0,0,True Negative
3208,0,0,True Negative
3765,0,0,True Negative
3779,0,0,True Negative
3121,0,0,True Negative
3253,0,0,True Negative
2179,0,0,True Negative
2770,0,0,True Negative
4004,0,0,True Negative
4458,0,0,True Negative
982,0,0,True Negative
4058,1,1,True Positive
1723,0,0,True Negative
3438,1,0,False Negative
869,0,0,True Negative
1388,1,1,True Positive
4276,0,0,True Negative
912,0,0,True Negative
2200,0,0,True Negative
3431,0,0,True Negative
2068,0,0,True Negative
1235,1,0,False Negative
889,0,0,True Negative
2329,0,0,True Negative
2695,0,0,True Negative
387,0,0,True Negative
2936,0,0,True Negative
911,0,0,True Negative
1471,0,0,True Negative
3036,0,0,True Negative
595,0,0,True Negative
2730,0,0,True Negative
4275,0,0,True Negative
1118,0,0,True Negative
2774,0,0,True Negative
4399,0,0,True Negative
1972,0,0,True Negative
1971,0,0,True Negative
1905,1,0,False Negative
3960,0,0,True Negative
2643,0,0,True Negative
3300,0,0,True Negative
3628,0,0,True Negative
3632,1,1,True Positive
4377,0,0,True Negative
520,0,0,True Negative
513,1,0,False Negative
2722,0,0,True Negative
3908,0,0,True Negative
3916,0,0,True Negative
4241,0,0,True Negative
3721,0,0,True Negative
4002,0,0,True Negative
3257,1,0,False Negative
3115,0,0,True Negative
2649,1,0,False Negative
2589,1,0,False Negative
2254,1,1,True Positive
794,0,0,True Negative
2170,1,0,False Negative
2052,1,1,True Positive
4112,0,0,True Negative
1172,0,0,True Negative
727,0,0,True Negative
2698,0,0,True Negative
4502,0,0,True Negative
4438,0,0,True Negative
3367,0,1,False Positive
2199,0,0,True Negative
2429,0,0,True Negative
3864,0,0,True Negative
1864,0,0,True Negative
4199,0,0,True Negative
2435,0,0,True Negative
1645,0,0,True Negative
4029,0,0,True Negative
2872,0,0,True Negative
3534,0,0,True Negative
3038,0,0,True Negative
1739,0,0,True Negative
2806,0,0,True Negative
1252,0,0,True Negative
514,1,1,True Positive
3971,0,0,True Negative
603,0,0,True Negative
2439,0,0,True Negative
3177,0,0,True Negative
1985,1,1,True Positive
899,0,0,True Negative
1097,0,0,True Negative
2470,0,0,True Negative
3122,0,0,True Negative
3727,0,0,True Negative
653,0,0,True Negative
896,0,0,True Negative
1442,0,0,True Negative
3136,0,0,True Negative
3127,0,0,True Negative
45,0,1,False Positive
1524,0,0,True Negative
1127,0,0,True Negative
1592,0,0,True Negative
1860,0,1,False Positive
109,0,0,True Negative
3977,0,0,True Negative
3707,0,0,True Negative
1704,0,0,True Negative
4595,1,0,False Negative
3268,0,0,True Negative
245,0,0,True Negative
1535,0,0,True Negative
779,0,0,True Negative
4451,0,0,True Negative
901,0,0,True Negative
3899,0,0,True Negative
4401,0,0,True Negative
3964,0,0,True Negative
442,0,0,True Negative
834,0,0,True Negative
3321,0,0,True Negative
4316,0,0,True Negative
2193,0,0,True Negative
3204,0,0,True Negative
3962,0,0,True Negative
1862,0,0,True Negative
3145,0,0,True Negative
3237,0,1,False Positive
182,0,0,True Negative
567,0,0,True Negative
1801,0,1,False Positive
1597,0,0,True Negative
4063,0,0,True Negative
4543,0,0,True Negative
1195,0,0,True Negative
2531,0,0,True Negative
194,1,1,True Positive
2261,0,0,True Negative
4255,0,0,True Negative
1166,0,0,True Negative
574,0,0,True Negative
2709,0,0,True Negative
4205,0,0,True Negative
2638,0,0,True Negative
3111,0,0,True Negative
3398,0,0,True Negative
2514,1,0,False Negative
3309,0,0,True Negative
1134,0,0,True Negative
444,0,0,True Negative
2586,0,0,True Negative
1168,0,1,False Positive
1448,0,0,True Negative
735,0,0,True Negative
3327,0,0,True Negative
1380,0,0,True Negative
4067,0,0,True Negative
2850,1,0,False Negative
933,0,0,True Negative
822,0,0,True Negative
4522,0,0,True Negative
1181,0,0,True Negative
1440,0,0,True Negative
3234,0,0,True Negative
396,0,0,True Negative
3405,0,0,True Negative
768,0,0,True Negative
964,0,0,True Negative
1903,0,0,True Negative
255,0,0,True Negative
3637,1,1,True Positive
1196,0,0,True Negative
1048,0,0,True Negative
3452,0,0,True Negative
4505,0,0,True Negative
1259,0,0,True Negative
1922,0,0,True Negative
3712,0,0,True Negative
667,0,0,True Negative
2976,1,1,True Positive
1461,0,0,True Negative
2857,1,0,False Negative
3626,0,0,True Negative
315,1,1,True Positive
1845,0,0,True Negative
3875,0,0,True Negative
461,0,0,True Negative
3119,1,1,True Positive
4461,1,1,True Positive
4585,0,0,True Negative
1643,0,0,True Negative
1242,1,1,True Positive
723,1,0,False Negative
4187,0,0,True Negative
2128,0,0,True Negative
2308,0,0,True Negative
4175,0,0,True Negative
4516,0,0,True Negative
2440,0,0,True Negative
1790,0,0,True Negative
3906,0,0,True Negative
2789,0,0,True Negative
2844,0,0,True Negative
1859,0,1,False Positive
3936,0,0,True Negative
1976,0,0,True Negative
1670,0,1,False Positive
796,0,0,True Negative
38,0,0,True Negative
2837,0,0,True Negative
3496,0,0,True Negative
4572,0,0,True Negative
529,0,0,True Negative
2861,0,0,True Negative
1788,1,1,True Positive
2364,1,0,False Negative
2870,0,0,True Negative
843,0,0,True Negative
2862,0,0,True Negative
4412,0,0,True Negative
1255,0,0,True Negative
1324,0,0,True Negative
3694,1,0,False Negative
4298,0,0,True Negative
3105,0,0,True Negative
3829,0,1,False Positive
2779,0,0,True Negative
1100,0,0,True Negative
1403,0,0,True Negative
3568,0,0,True Negative
1453,1,1,True Positive
962,0,0,True Negative
4270,0,0,True Negative
189,0,1,False Positive
4402,0,0,True Negative
3795,0,0,True Negative
2175,0,0,True Negative
1098,0,0,True Negative
3141,0,0,True Negative
2042,0,0,True Negative
3986,0,0,True Negative
2741,0,0,True Negative
698,0,0,True Negative
832,0,0,True Negative
4600,0,0,True Negative
3469,0,0,True Negative
4326,1,0,False Negative
391,0,0,True Negative
2660,0,0,True Negative
2714,1,0,False Negative
3709,0,0,True Negative
4578,0,0,True Negative
2906,0,0,True Negative
4370,0,0,True Negative
1262,0,0,True Negative
4506,0,0,True Negative
2132,0,0,True Negative
2848,0,0,True Negative
917,1,1,True Positive
1529,0,0,True Negative
991,0,0,True Negative
186,1,1,True Positive
3557,0,0,True Negative
400,0,0,True Negative
3714,0,0,True Negative
3053,1,1,True Positive
984,1,1,True Positive
1205,0,0,True Negative
2646,0,0,True Negative
1193,0,0,True Negative
2926,1,1,True Positive
2571,0,0,True Negative
2654,0,0,True Negative
2055,0,0,True Negative
2776,0,0,True Negative
3001,0,0,True Negative
1381,0,0,True Negative
845,0,0,True Negative
2359,1,0,False Negative
4310,0,0,True Negative
4007,0,0,True Negative
3456,1,1,True Positive
3800,0,0,True Negative
177,0,1,False Positive
707,0,0,True Negative
183,0,0,True Negative
4048,0,0,True Negative
2849,0,0,True Negative
1456,0,0,True Negative
4110,0,0,True Negative
4031,0,0,True Negative
440,0,0,True Negative
2841,0,0,True Negative
3571,1,0,False Negative
2793,1,1,True Positive
4344,0,0,True Negative
516,1,0,False Negative
2386,0,0,True Negative
2667,0,0,True Negative
1799,0,0,True Negative
1334,0,0,True Negative
2875,0,0,True Negative
304,0,0,True Negative
2247,0,0,True Negative
3760,1,1,True Positive
1572,0,0,True Negative
1326,0,0,True Negative
4444,0,0,True Negative
390,0,0,True Negative
1526,0,0,True Negative
4592,0,0,True Negative
40,0,0,True Negative
173,0,0,True Negative
4257,1,1,True Positive
4133,0,0,True Negative
2512,1,1,True Positive
4307,0,0,True Negative
4605,0,0,True Negative
4056,0,0,True Negative
3699,1,0,False Negative
754,0,0,True Negative
3666,0,0,True Negative
3468,0,0,True Negative
3388,0,0,True Negative
1599,0,1,False Positive
3451,0,0,True Negative
2387,1,0,False Negative
4453,0,0,True Negative
2676,0,0,True Negative
37,0,1,False Positive
2637,0,0,True Negative
2118,1,0,False Negative
2961,0,0,True Negative
3782,0,0,True Negative
2370,0,0,True Negative
1774,0,0,True Negative
790,0,0,True Negative
3967,0,0,True Negative
3991,1,1,True Positive
3867,0,0,True Negative
2559,0,0,True Negative
3275,0,0,True Negative
4047,0,0,True Negative
2943,0,0,True Negative
4128,0,0,True Negative
3462,0,0,True Negative
848,0,1,False Positive
4163,0,0,True Negative
2401,0,0,True Negative
4472,0,0,True Negative
762,0,0,True Negative
1838,0,0,True Negative
1382,0,0,True Negative
2852,1,0,False Negative
3723,1,1,True Positive
3338,0,0,True Negative
1522,0,0,True Negative
3078,0,0,True Negative
3531,0,0,True Negative
726,0,0,True Negative
977,0,0,True Negative
3839,0,0,True Negative
512,0,0,True Negative
2072,0,0,True Negative
3645,0,0,True Negative
3897,0,0,True Negative
3377,0,0,True Negative
2188,0,0,True Negative
2100,1,0,False Negative
631,0,0,True Negative
3125,1,0,False Negative
1463,0,0,True Negative
1939,0,0,True Negative
922,0,0,True Negative
1910,0,0,True Negative
2394,0,0,True Negative
802,0,0,True Negative
3130,0,0,True Negative
436,0,0,True Negative
2235,1,0,False Negative
2921,1,0,False Negative
573,0,0,True Negative
1451,0,0,True Negative
936,0,0,True Negative
3446,0,0,True Negative
3892,0,0,True Negative
2945,0,0,True Negative
3997,0,0,True Negative
1396,0,0,True Negative
510,0,0,True Negative
3767,0,0,True Negative
785,0,0,True Negative
2772,0,0,True Negative
1968,0,0,True Negative
3969,0,0,True Negative
2767,0,0,True Negative
3103,0,0,True Negative
4594,0,0,True Negative
2034,1,0,False Negative
719,0,0,True Negative
2053,1,0,False Negative
4105,0,0,True Negative
1036,0,0,True Negative
2878,0,0,True Negative
2173,0,0,True Negative
108,0,0,True Negative
4243,0,0,True Negative
1000,0,0,True Negative
4330,0,0,True Negative
584,1,1,True Positive
712,0,0,True Negative
957,0,0,True Negative
3847,0,0,True Negative
1872,0,0,True Negative
4259,1,1,True Positive
629,0,0,True Negative
2803,0,0,True Negative
3521,0,0,True Negative
2607,0,0,True Negative
3563,0,0,True Negative
2382,0,0,True Negative
3374,0,0,True Negative
1136,0,0,True Negative
992,0,0,True Negative
3207,0,0,True Negative
4321,0,0,True Negative
2984,0,0,True Negative
3762,0,0,True Negative
3775,0,0,True Negative
2798,0,0,True Negative
2536,0,0,True Negative
2648,1,1,True Positive
3143,0,0,True Negative
317,1,1,True Positive
4231,0,0,True Negative
3184,1,0,False Negative
3334,0,0,True Negative
2397,0,0,True Negative
2455,1,1,True Positive
2590,1,1,True Positive
258,0,0,True Negative
4335,0,0,True Negative
3165,0,0,True Negative
4185,0,0,True Negative
980,0,1,False Positive
4260,0,0,True Negative
1458,0,0,True Negative
1186,1,0,False Negative
1848,0,0,True Negative
833,0,0,True Negative
402,0,0,True Negative
3520,0,0,True Negative
305,0,0,True Negative
2260,0,0,True Negative
3176,0,0,True Negative
772,0,0,True Negative
4251,0,0,True Negative
3630,1,0,False Negative
2838,0,0,True Negative
4408,0,0,True Negative
103,0,0,True Negative
2939,0,0,True Negative
3724,0,0,True Negative
4252,0,0,True Negative
4518,0,0,True Negative
1673,0,0,True Negative
3235,0,0,True Negative
3444,0,0,True Negative
4102,0,0,True Negative
4045,0,0,True Negative
732,0,0,True Negative
4387,0,0,True Negative
780,0,0,True Negative
650,1,1,True Positive
238,0,0,True Negative
3858,0,0,True Negative
2744,0,0,True Negative
3833,0,0,True Negative
1307,0,1,False Positive
3934,0,0,True Negative
3497,0,0,True Negative
2123,0,0,True Negative
2846,0,0,True Negative
1171,0,0,True Negative
3135,0,0,True Negative
2929,0,0,True Negative
2064,0,0,True Negative
1093,0,0,True Negative
2930,0,0,True Negative
2323,0,0,True Negative
2605,0,0,True Negative
1600,0,0,True Negative
380,0,0,True Negative
3305,1,0,False Negative
3587,0,0,True Negative
4542,0,0,True Negative
1638,0,0,True Negative
3718,0,0,True Negative
914,0,1,False Positive
4258,0,0,True Negative
2327,0,0,True Negative
575,0,0,True Negative
703,0,0,True Negative
3209,0,0,True Negative
527,0,0,True Negative
4546,0,0,True Negative
3726,0,0,True Negative
3399,0,0,True Negative
2244,0,0,True Negative
897,0,0,True Negative
3181,0,0,True Negative
3604,0,0,True Negative
2716,1,1,True Positive
2425,1,0,False Negative
393,0,0,True Negative
4478,0,0,True Negative
3425,0,0,True Negative
313,0,0,True Negative
3443,0,0,True Negative
4035,0,0,True Negative
2250,0,0,True Negative
2253,1,1,True Positive
2398,0,0,True Negative
3633,1,0,False Negative
4462,0,0,True Negative
386,0,0,True Negative
4431,0,0,True Negative
1578,0,0,True Negative
2668,0,0,True Negative
2126,0,0,True Negative
1379,0,0,True Negative
4364,0,0,True Negative
1977,0,0,True Negative
2108,1,0,False Negative
4192,1,1,True Positive
583,1,0,False Negative
1652,1,1,True Positive
333,1,1,True Positive
4331,0,0,True Negative
3717,0,0,True Negative
2726,1,1,True Positive
1371,0,0,True Negative
4539,0,0,True Negative
3335,0,0,True Negative
2859,1,1,True Positive
105,0,0,True Negative
2696,0,0,True Negative
2830,1,0,False Negative
1051,1,1,True Positive
846,0,0,True Negative
4337,0,0,True Negative
3923,0,0,True Negative
581,1,1,True Positive
2258,0,0,True Negative
3190,0,0,True Negative
3995,0,0,True Negative
4386,0,0,True Negative
2363,1,1,True Positive
2931,0,0,True Negative
530,0,0,True Negative
599,0,0,True Negative
392,0,0,True Negative
3900,0,0,True Negative
2919,1,0,False Negative
1503,0,0,True Negative
1124,0,0,True Negative
2865,0,0,True Negative
1916,1,0,False Negative
1772,0,0,True Negative
1993,0,0,True Negative
1850,1,1,True Positive
3672,0,0,True Negative
1654,1,0,False Negative
3857,1,1,True Positive
2713,0,0,True Negative
1044,0,0,True Negative
3045,0,0,True Negative
1969,0,0,True Negative
2737,0,0,True Negative
2570,0,0,True Negative
1204,0,0,True Negative
248,0,0,True Negative
1438,0,0,True Negative
639,0,0,True Negative
4608,0,0,True Negative
2566,0,0,True Negative
253,1,1,True Positive
659,0,0,True Negative
801,0,0,True Negative
1311,0,0,True Negative
4098,0,0,True Negative
3658,0,0,True Negative
4191,0,0,True Negative
662,0,0,True Negative
4407,0,0,True Negative
3785,0,0,True Negative
1923,0,0,True Negative
3925,0,0,True Negative
1444,0,0,True Negative
979,0,0,True Negative
3112,0,0,True Negative
3850,0,0,True Negative
2005,0,0,True Negative
1797,0,0,True Negative
2908,0,0,True Negative
1702,0,0,True Negative
3603,0,0,True Negative
1335,0,0,True Negative
1928,0,1,False Positive
1264,0,0,True Negative
995,0,0,True Negative
1169,0,1,False Positive
2503,0,0,True Negative
594,0,0,True Negative
1906,0,0,True Negative
1045,0,0,True Negative
2911,0,0,True Negative
3260,0,0,True Negative
1398,0,0,True Negative
2119,1,1,True Positive
4200,0,0,True Negative
828,0,0,True Negative
2665,0,0,True Negative
251,1,1,True Positive
2234,1,0,False Negative
1058,0,0,True Negative
1598,0,0,True Negative
2371,0,0,True Negative
2402,0,0,True Negative
456,0,0,True Negative
2738,0,0,True Negative
579,0,0,True Negative
2255,0,0,True Negative
3667,0,0,True Negative
4577,0,0,True Negative
2385,0,0,True Negative
398,0,0,True Negative
2033,1,0,False Negative
3429,0,0,True Negative
528,0,0,True Negative
2979,0,1,False Positive
1372,0,0,True Negative
904,0,0,True Negative
2639,0,0,True Negative
3827,0,0,True Negative
838,0,0,True Negative
1852,1,1,True Positive
3123,0,0,True Negative
114,1,1,True Positive
2727,0,0,True Negative
694,0,0,True Negative
2466,0,0,True Negative
935,0,0,True Negative
3498,0,0,True Negative
3769,0,0,True Negative
4533,0,0,True Negative
3459,0,0,True Negative
1190,0,0,True Negative
2792,1,1,True Positive
932,0,0,True Negative
1260,0,0,True Negative
1569,0,0,True Negative
2715,1,1,True Positive
2051,1,0,False Negative
3424,0,0,True Negative
3173,1,1,True Positive
2786,1,1,True Positive
4118,0,0,True Negative
2809,0,0,True Negative
733,0,0,True Negative
3467,0,0,True Negative
708,0,0,True Negative
1837,0,0,True Negative
3665,0,0,True Negative
1519,1,0,False Negative
821,0,0,True Negative
383,1,0,False Negative
3730,0,0,True Negative
1267,0,0,True Negative
3826,0,0,True Negative
2576,0,0,True Negative
2263,0,0,True Negative
4432,0,0,True Negative
1574,0,0,True Negative
184,1,1,True Positive
118,1,1,True Positive
3205,0,0,True Negative
1869,0,0,True Negative
3341,0,0,True Negative
3904,0,0,True Negative
1511,0,0,True Negative
4468,0,0,True Negative
3799,0,0,True Negative
4464,0,0,True Negative
1071,0,0,True Negative
1635,0,0,True Negative
111,1,1,True Positive
2832,0,0,True Negative
2105,1,0,False Negative
2198,0,0,True Negative
4433,0,0,True Negative
4575,0,0,True Negative
570,0,0,True Negative
2238,0,0,True Negative
2694,0,0,True Negative
1659,0,0,True Negative
2672,0,0,True Negative
2537,0,0,True Negative
3236,0,0,True Negative
2710,0,0,True Negative
734,0,0,True Negative
517,1,1,True Positive
4372,0,0,True Negative
1986,0,0,True Negative
3465,0,0,True Negative
1715,0,0,True Negative
2629,0,0,True Negative
4134,0,0,True Negative
566,0,0,True Negative
2644,0,0,True Negative
1721,1,1,True Positive
577,0,0,True Negative
175,0,0,True Negative
4198,0,0,True Negative
2035,1,0,False Negative
3058,1,1,True Positive
2697,0,0,True Negative
1708,0,0,True Negative
1174,0,0,True Negative
3565,0,0,True Negative
1337,0,0,True Negative
1733,0,0,True Negative
637,0,0,True Negative
3074,0,0,True Negative
2037,1,0,False Negative
2120,1,1,True Positive
1584,1,1,True Positive
2523,1,1,True Positive
2112,0,0,True Negative
3985,0,0,True Negative
1466,0,0,True Negative
122,1,1,True Positive
4046,0,0,True Negative
3493,0,0,True Negative
2102,1,0,False Negative
3575,0,0,True Negative
503,0,0,True Negative
3640,0,0,True Negative
839,0,0,True Negative
1769,0,0,True Negative
463,0,0,True Negative
2805,0,0,True Negative
464,0,0,True Negative
1671,0,0,True Negative
3427,0,0,True Negative
3976,0,0,True Negative
925,0,0,True Negative
3067,0,0,True Negative
2662,0,0,True Negative
1582,0,0,True Negative
4313,0,0,True Negative
1258,0,0,True Negative
2249,0,0,True Negative
1465,0,0,True Negative
2801,0,0,True Negative
895,0,0,True Negative
1323,0,0,True Negative
3869,0,0,True Negative
4107,0,0,True Negative
4249,0,0,True Negative
3660,0,0,True Negative
3047,0,0,True Negative
2036,1,0,False Negative
3470,0,0,True Negative
1057,0,0,True Negative
1672,0,0,True Negative
3729,0,0,True Negative
4588,0,0,True Negative
2456,1,0,False Negative
2528,0,0,True Negative
4338,0,0,True Negative
4206,0,0,True Negative
3474,0,0,True Negative
4100,0,0,True Negative
3634,0,0,True Negative
4336,0,0,True Negative
4340,0,0,True Negative
709,0,0,True Negative
2854,0,0,True Negative
1119,1,0,False Negative
3095,0,0,True Negative
2731,0,0,True Negative
1656,0,0,True Negative
2937,0,0,True Negative
3210,0,0,True Negative
372,0,0,True Negative
2530,0,0,True Negative
2461,0,0,True Negative
4315,0,0,True Negative
1516,0,0,True Negative
3116,1,0,False Negative
2666,0,0,True Negative
2720,0,0,True Negative
3639,0,0,True Negative
2266,0,0,True Negative
4297,0,0,True Negative
3168,0,0,True Negative
825,0,0,True Negative
4376,0,0,True Negative
4501,0,0,True Negative
2985,1,0,False Negative
3834,0,0,True Negative
2317,0,0,True Negative
504,0,0,True Negative
1779,0,0,True Negative
3648,0,0,True Negative
1306,0,1,False Positive
2833,0,0,True Negative
758,0,0,True Negative
3924,1,1,True Positive
3461,0,0,True Negative
2242,0,0,True Negative
1571,0,0,True Negative
3472,0,0,True Negative
697,0,0,True Negative
2389,0,0,True Negative
2335,0,0,True Negative
1246,1,1,True Positive
3914,0,0,True Negative
469,0,0,True Negative
3702,1,0,False Negative
2896,0,0,True Negative
4131,0,0,True Negative
2433,0,0,True Negative
1315,0,0,True Negative
2324,0,0,True Negative
990,0,0,True Negative
2182,0,0,True Negative
1502,0,0,True Negative
3278,0,0,True Negative
1236,0,1,False Positive
3365,0,0,True Negative
670,0,0,True Negative
3256,0,0,True Negative
329,0,1,False Positive
1605,0,0,True Negative
3428,0,0,True Negative
1805,0,0,True Negative
1568,0,0,True Negative
2674,0,0,True Negative
3029,0,0,True Negative
534,0,0,True Negative
3578,0,0,True Negative
894,0,0,True Negative
2074,0,0,True Negative
2069,0,0,True Negative
702,0,0,True Negative
2062,0,0,True Negative
3060,0,0,True Negative
4237,0,0,True Negative
318,1,0,False Negative
4264,0,0,True Negative
3492,0,0,True Negative
4512,0,0,True Negative
3401,0,0,True Negative
3052,1,1,True Positive
4239,0,0,True Negative
1720,1,0,False Negative
3167,0,0,True Negative
1846,0,0,True Negative
4569,0,0,True Negative
2070,0,0,True Negative
2311,1,1,True Positive
2640,0,0,True Negative
3659,0,0,True Negative
2650,1,0,False Negative
1858,1,0,False Negative
1301,0,0,True Negative
3132,0,0,True Negative
3336,0,0,True Negative
3509,0,0,True Negative
2598,0,0,True Negative
1450,0,0,True Negative
3395,0,0,True Negative
3731,0,0,True Negative
3625,0,0,True Negative
2700,0,0,True Negative
171,0,0,True Negative
1434,0,0,True Negative
4111,0,0,True Negative
4246,0,0,True Negative
985,1,1,True Positive
3310,0,0,True Negative
3009,0,0,True Negative
1404,0,0,True Negative
4269,0,0,True Negative
1996,0,0,True Negative
3317,0,0,True Negative
174,1,0,False Negative
4194,0,0,True Negative
246,0,0,True Negative
2267,0,0,True Negative
853,1,0,False Negative
3840,0,0,True Negative
1031,0,0,True Negative
445,0,0,True Negative
3860,0,0,True Negative
731,0,0,True Negative
3764,0,0,True Negative
55,1,1,True Positive
2168,1,0,False Negative
3524,0,0,True Negative
2454,1,0,False Negative
3054,1,0,False Negative
3843,0,0,True Negative
3763,0,0,True Negative
4103,0,0,True Negative
3128,0,0,True Negative
1585,1,1,True Positive
1046,1,1,True Positive
3992,0,0,True Negative
1789,0,0,True Negative
1099,0,0,True Negative
2974,0,0,True Negative
3642,0,0,True Negative
307,0,0,True Negative
1573,0,0,True Negative
1024,0,0,True Negative
4195,0,0,True Negative
1469,0,1,False Positive
625,0,0,True Negative
460,0,0,True Negative
2994,0,0,True Negative
1771,0,0,True Negative
1507,0,0,True Negative
4072,0,0,True Negative
1785,1,0,False Negative
3594,0,0,True Negative
3400,0,0,True Negative
1836,0,0,True Negative
776,0,0,True Negative
3656,1,1,True Positive
2645,0,0,True Negative
927,0,0,True Negative
3561,0,0,True Negative
705,0,0,True Negative
4230,0,0,True Negative
1914,0,0,True Negative
1917,1,1,True Positive
3838,0,0,True Negative
2462,0,0,True Negative
1317,0,0,True Negative
1241,0,1,False Positive
3129,0,0,True Negative
1047,1,1,True Positive
1738,0,0,True Negative
43,0,0,True Negative
2998,0,0,True Negative
1806,0,0,True Negative
1509,0,0,True Negative
3669,0,0,True Negative
590,0,0,True Negative
4409,0,0,True Negative
1302,0,0,True Negative
2975,0,0,True Negative
3131,0,0,True Negative
592,0,0,True Negative
3194,0,0,True Negative
3368,0,0,True Negative
1854,0,0,True Negative
3109,1,0,False Negative
2428,1,0,False Negative
3339,0,0,True Negative
1595,0,0,True Negative
1470,0,0,True Negative
3449,0,0,True Negative
4378,0,0,True Negative
4172,0,0,True Negative
3794,0,0,True Negative
4168,0,0,True Negative
508,0,0,True Negative
2046,0,0,True Negative
384,1,1,True Positive
652,0,0,True Negative
3527,0,0,True Negative
3369,0,0,True Negative
3188,0,0,True Negative
2509,0,0,True Negative
3072,0,0,True Negative
448,1,0,False Negative
3728,0,0,True Negative
2800,0,0,True Negative
3693,1,1,True Positive
2518,0,0,True Negative
3532,0,0,True Negative
1175,0,1,False Positive
3766,0,0,True Negative
395,0,0,True Negative
2365,1,0,False Negative
2500,0,0,True Negative
2330,0,0,True Negative
1575,0,0,True Negative
4570,0,0,True Negative
765,0,0,True Negative
2860,1,1,True Positive
2445,1,1,True Positive
1022,0,0,True Negative
3391,1,1,True Positive
4507,0,0,True Negative
3599,0,0,True Negative
3099,0,0,True Negative
722,1,0,False Negative
3211,0,0,True Negative
3051,1,0,False Negative
4125,1,1,True Positive
1975,0,0,True Negative
890,0,0,True Negative
3631,1,0,False Negative
3261,0,0,True Negative
3460,0,0,True Negative
2988,1,0,False Negative
116,0,1,False Positive
1650,1,0,False Negative
3386,0,0,True Negative
2853,1,1,True Positive
4450,0,0,True Negative
2771,0,0,True Negative
2239,0,0,True Negative
4333,0,0,True Negative
830,0,0,True Negative
633,0,0,True Negative
2742,0,0,True Negative
2381,0,0,True Negative
3075,0,0,True Negative
644,0,0,True Negative
4611,0,0,True Negative
4068,0,0,True Negative
2467,0,0,True Negative
3306,0,0,True Negative
626,0,0,True Negative
3713,0,0,True Negative
3229,0,0,True Negative
1106,0,0,True Negative
2719,0,0,True Negative
2910,0,0,True Negative
1336,0,1,False Positive
462,0,0,True Negative
3984,0,0,True Negative
1508,0,0,True Negative
1851,1,1,True Positive
4197,0,0,True Negative
4371,0,0,True Negative
4534,0,0,True Negative
1468,0,0,True Negative
959,0,0,True Negative
3835,0,0,True Negative
1032,0,0,True Negative
4262,0,0,True Negative
3299,0,0,True Negative
250,1,0,False Negative
2670,0,0,True Negative
2791,1,0,False Negative
3031,0,0,True Negative
1176,0,0,True Negative
1101,0,0,True Negative
178,1,1,True Positive
1583,0,0,True Negative
3670,0,0,True Negative
4182,0,0,True Negative
3791,0,0,True Negative
1125,0,0,True Negative
3307,0,0,True Negative
2427,1,0,False Negative
4584,0,0,True Negative
2978,1,1,True Positive
370,0,0,True Negative
3057,0,0,True Negative
2785,1,1,True Positive
3704,0,0,True Negative
646,0,0,True Negative
388,0,0,True Negative
1716,0,0,True Negative
4383,0,0,True Negative
2784,1,1,True Positive
1167,0,1,False Positive
3189,0,0,True Negative
1728,0,0,True Negative
1401,0,0,True Negative
1439,0,0,True Negative
2065,0,0,True Negative
1035,0,0,True Negative
2827,0,0,True Negative
2041,0,0,True Negative
242,1,0,False Negative
4536,0,0,True Negative
1108,0,0,True Negative
663,0,0,True Negative
4273,0,0,True Negative
1710,0,0,True Negative
2236,1,0,False Negative
3200,0,0,True Negative
3922,0,0,True Negative
2237,0,0,True Negative
3430,0,0,True Negative
1706,0,0,True Negative
2378,1,1,True Positive
2172,0,0,True Negative
2765,0,0,True Negative
524,0,0,True Negative
1587,0,0,True Negative
319,1,1,True Positive
921,0,0,True Negative
597,0,0,True Negative
3437,1,0,False Negative
1201,0,0,True Negative
3280,0,0,True Negative
4325,0,0,True Negative
1933,0,0,True Negative
4403,0,0,True Negative
2039,1,0,False Negative
1318,1,0,False Negative
4123,0,0,True Negative
2067,0,0,True Negative
1839,0,0,True Negative
4528,1,0,False Negative
4122,0,0,True Negative
369,0,0,True Negative
3325,0,0,True Negative
1707,0,0,True Negative
3636,1,0,False Negative
3193,0,0,True Negative
2808,0,0,True Negative
658,0,0,True Negative
3701,1,1,True Positive
4579,0,0,True Negative
2995,0,0,True Negative
969,0,0,True Negative
2562,0,0,True Negative
3312,0,0,True Negative
330,1,1,True Positive
2675,0,0,True Negative
989,0,0,True Negative
3778,0,0,True Negative
4369,0,0,True Negative
1321,1,1,True Positive
2799,0,0,True Negative
628,0,0,True Negative
1247,0,0,True Negative
3651,0,0,True Negative
1132,0,0,True Negative
4390,0,0,True Negative
1115,0,0,True Negative
3249,0,0,True Negative
3624,0,0,True Negative
4265,0,0,True Negative
2934,0,0,True Negative
4591,0,0,True Negative
3394,0,0,True Negative
919,0,0,True Negative
457,0,0,True Negative
2109,1,0,False Negative
1244,0,1,False Positive
2374,0,0,True Negative
761,0,0,True Negative
2778,0,0,True Negative
3845,0,0,True Negative
4574,0,0,True Negative
2316,0,0,True Negative
4466,0,0,True Negative
239,0,0,True Negative
4057,0,0,True Negative
1658,0,0,True Negative
2966,0,0,True Negative
2507,0,0,True Negative
3501,0,0,True Negative
2895,0,0,True Negative
2986,1,0,False Negative
3876,0,0,True Negative
2996,0,0,True Negative
1989,0,0,True Negative
2187,1,1,True Positive
3439,1,1,True Positive
3776,0,0,True Negative
3705,0,0,True Negative
868,0,0,True Negative
905,0,0,True Negative
972,0,0,True Negative
3440,0,0,True Negative
3935,0,0,True Negative
3076,0,0,True Negative
792,0,0,True Negative
4517,0,0,True Negative
844,0,0,True Negative
624,0,0,True Negative
2990,1,1,True Positive
645,0,0,True Negative
4320,0,0,True Negative
1532,0,0,True Negative
4303,0,0,True Negative
1501,0,0,True Negative
4209,0,0,True Negative
643,0,0,True Negative
4384,0,0,True Negative
3901,0,0,True Negative
4127,0,0,True Negative
252,1,0,False Negative
437,0,0,True Negative
3245,0,0,True Negative
3638,1,0,False Negative
2434,0,0,True Negative
4176,0,0,True Negative
1303,0,0,True Negative
3276,0,0,True Negative
1062,0,0,True Negative
2183,0,0,True Negative
3741,0,0,True Negative
3939,0,0,True Negative
1711,0,0,True Negative
1712,0,0,True Negative
1770,0,0,True Negative
3903,0,0,True Negative
2006,0,0,True Negative
1909,0,0,True Negative
1121,0,0,True Negative
3328,0,0,True Negative
3993,0,0,True Negative
1777,0,0,True Negative
3649,0,0,True Negative
1849,0,0,True Negative
4440,0,0,True Negative
902,0,0,True Negative
41,0,0,True Negative
1703,0,0,True Negative
4120,0,0,True Negative
1443,0,0,True Negative
3978,0,0,True Negative
3370,1,0,False Negative
3107,1,1,True Positive
506,0,0,True Negative
4065,0,0,True Negative
4299,0,0,True Negative
4167,0,0,True Negative
2867,0,0,True Negative
4601,0,0,True Negative
2992,1,1,True Positive
3250,0,0,True Negative
3301,0,0,True Negative
3513,0,0,True Negative
638,0,0,True Negative
3562,0,0,True Negative
1934,0,0,True Negative
2871,0,0,True Negative
3142,0,0,True Negative
2905,0,0,True Negative
3844,0,0,True Negative
1455,0,0,True Negative
3607,0,0,True Negative
1049,0,0,True Negative
1384,0,0,True Negative
3523,1,1,True Positive
2563,0,0,True Negative
3466,0,0,True Negative
1520,0,1,False Positive
1662,0,0,True Negative
4332,0,0,True Negative
720,0,0,True Negative
1033,0,0,True Negative
3932,0,0,True Negative
1187,1,1,True Positive
381,1,0,False Negative
2468,0,0,True Negative
4109,0,0,True Negative
1857,0,0,True Negative
1178,1,0,False Negative
2568,0,0,True Negative
763,0,0,True Negative
465,0,0,True Negative
900,0,0,True Negative
2702,0,0,True Negative
3854,0,0,True Negative
1376,0,0,True Negative
2044,0,0,True Negative
757,0,0,True Negative
2932,0,0,True Negative
1717,1,0,False Negative
4479,0,0,True Negative
576,0,0,True Negative
3579,0,0,True Negative
4256,1,0,False Negative
4261,0,0,True Negative
1054,1,0,False Negative
4470,0,0,True Negative
4027,0,0,True Negative
2008,0,0,True Negative
3601,0,0,True Negative
1736,0,0,True Negative
2047,0,0,True Negative
1460,0,0,True Negative
3491,0,0,True Negative
2458,0,0,True Negative
4535,0,0,True Negative
4596,1,0,False Negative
1114,0,0,True Negative
3041,1,0,False Negative
1719,1,0,False Negative
2459,0,0,True Negative
4532,0,0,True Negative
4136,0,0,True Negative
1506,0,0,True Negative
4062,0,0,True Negative
3664,0,0,True Negative
3458,0,0,True Negative
867,0,0,True Negative
1791,0,0,True Negative
4311,0,0,True Negative
647,1,0,False Negative
2717,1,1,True Positive
3566,0,0,True Negative
961,0,0,True Negative
2522,1,0,False Negative
1588,0,0,True Negative
2572,0,0,True Negative
3907,0,0,True Negative
3364,0,0,True Negative
3243,0,0,True Negative
766,0,0,True Negative
4610,0,0,True Negative
3606,0,0,True Negative
4104,0,0,True Negative
3244,0,0,True Negative
241,1,1,True Positive
1202,0,0,True Negative
2766,0,0,True Negative
2795,0,0,True Negative
1657,0,0,True Negative
4541,0,0,True Negative
3600,0,0,True Negative
4234,0,0,True Negative
3931,0,0,True Negative
172,0,0,True Negative
314,0,0,True Negative
1649,0,0,True Negative
855,0,0,True Negative
311,0,0,True Negative
1373,0,0,True Negative
2925,1,1,True Positive
1732,0,0,True Negative
3674,0,0,True Negative
3137,0,0,True Negative
3771,0,0,True Negative
4139,0,0,True Negative
4097,0,0,True Negative
1395,0,0,True Negative
4034,0,0,True Negative
112,1,1,True Positive
2104,1,0,False Negative
4465,0,0,True Negative
2135,0,0,True Negative
1387,1,1,True Positive
3117,1,1,True Positive
3849,0,0,True Negative
1937,0,0,True Negative
260,1,1,True Positive
2505,0,0,True Negative
1841,0,0,True Negative
1667,0,0,True Negative
1234,0,0,True Negative
1596,0,0,True Negative
2734,0,0,True Negative
4393,0,0,True Negative
571,0,0,True Negative
3739,0,0,True Negative
2519,0,0,True Negative
3507,0,0,True Negative
2699,0,0,True Negative
1518,1,1,True Positive
1800,0,0,True Negative
3134,0,0,True Negative
3371,1,0,False Negative
3842,0,0,True Negative
2626,0,0,True Negative
1538,0,0,True Negative
2438,0,0,True Negative
2606,0,0,True Negative
2657,1,1,True Positive
1803,0,0,True Negative
3178,0,0,True Negative
3772,0,0,True Negative
373,0,0,True Negative
2469,0,0,True Negative
3030,0,0,True Negative
2241,0,0,True Negative
4529,1,0,False Negative
2116,0,0,True Negative
2918,1,0,False Negative
2375,0,0,True Negative
237,0,0,True Negative
2869,1,0,False Negative
3246,0,0,True Negative
468,0,0,True Negative
721,0,0,True Negative
2134,0,0,True Negative
1332,0,0,True Negative
2970,0,0,True Negative
3008,0,0,True Negative
2180,0,0,True Negative
3457,0,0,True Negative
2840,0,0,True Negative
4306,0,0,True Negative
2368,0,0,True Negative
1935,1,0,False Negative
1333,0,0,True Negative
3725,0,0,True Negative
3697,1,0,False Negative
2999,0,0,True Negative
760,0,0,True Negative
2252,1,0,False Negative
4130,0,0,True Negative
4038,0,0,True Negative
3506,1,1,True Positive
3737,0,0,True Negative
755,0,0,True Negative
1997,0,0,True Negative
3804,0,0,True Negative
1787,1,0,False Negative
2107,0,0,True Negative
4304,0,0,True Negative
3896,0,0,True Negative
3853,0,0,True Negative
4606,0,0,True Negative
1185,0,0,True Negative
4581,0,0,True Negative
3738,0,0,True Negative
2909,0,0,True Negative
3522,0,0,True Negative
4327,1,1,True Positive
1718,1,1,True Positive
2201,0,0,True Negative
1776,0,0,True Negative
1705,0,0,True Negative
302,0,0,True Negative
2796,0,0,True Negative
3770,0,0,True Negative
3037,0,0,True Negative
4032,0,0,True Negative
1579,0,0,True Negative
3056,0,0,True Negative
4508,0,0,True Negative
3407,0,0,True Negative
1870,0,0,True Negative
4266,0,0,True Negative
3202,0,0,True Negative
4473,0,0,True Negative
920,0,0,True Negative
3138,0,0,True Negative
1449,0,0,True Negative
1601,0,0,True Negative
978,0,0,True Negative
3832,0,1,False Positive
3654,0,0,True Negative
3380,0,0,True Negative
788,0,0,True Negative
3040,0,0,True Negative
3733,0,0,True Negative
1454,0,1,False Positive
4050,0,0,True Negative
1268,0,0,True Negative
3252,0,0,True Negative
4514,0,0,True Negative
3768,0,0,True Negative
4008,0,0,True Negative
1240,0,1,False Positive
1320,1,1,True Positive
3596,0,0,True Negative
4142,0,0,True Negative
3671,0,0,True Negative
1116,0,0,True Negative
1580,0,0,True Negative
3569,0,0,True Negative
4052,0,0,True Negative
2113,0,0,True Negative
4051,0,0,True Negative
3972,0,0,True Negative
4190,0,0,True Negative
3691,1,1,True Positive
3454,0,0,True Negative
1647,0,0,True Negative
2561,0,0,True Negative
1067,0,0,True Negative
4042,0,0,True Negative
110,0,0,True Negative
3180,0,0,True Negative
2636,0,0,True Negative
4345,0,0,True Negative
1668,0,0,True Negative
2810,0,0,True Negative
3787,0,0,True Negative
1973,0,0,True Negative
3499,0,0,True Negative
1310,0,0,True Negative
3921,0,0,True Negative
3929,0,0,True Negative
2453,0,0,True Negative
3655,0,0,True Negative
371,0,0,True Negative
1239,0,0,True Negative
4119,0,0,True Negative
3981,0,0,True Negative
2828,0,0,True Negative
4603,0,0,True Negative
3961,0,0,True Negative
1056,0,0,True Negative
3734,0,0,True Negative
